epoch,train_loss,val_loss,val_mIoU,val_F1,val_Accuracy
1.0,0.7004630224158367,0.5378409400582314,0.5363357436826397,0.8112018691551416,0.7360420610903237
